{
  "data": [
    {
      "sql_digest": "e6f07d43b5c21db0fbb9a31feac2dc599787763393dd5acbfad80e247eb02ad5",
      "sql_text": "begin",
      "is_other": false,
      "cpu_time_ms": 1570,
      "exec_count_per_sec": 0.0991201409255997,
      "duration_per_exec_ms": 0,
      "scan_records_per_sec": 0,
      "scan_indexes_per_sec": 0,
      "plans": [
        {
          "plan_digest": "",
          "plan_text": "",
          "timestamp_sec": [
            1641804086, 1641807015, 1641809944, 1641812873, 1641815802,
            1641818731, 1641821660, 1641824589, 1641827518, 1641830447,
            1641833376, 1641836305, 1641839234, 1641842163, 1641845092,
            1641848021, 1641850950, 1641853879, 1641856808, 1641859737,
            1641862666, 1641865595, 1641868524, 1641871453, 1641874382,
            1641877311, 1641880240, 1641883169, 1641886098, 1641889027,
            1641891956, 1641894885, 1641897814, 1641900743, 1641903672,
            1641906601, 1641909530, 1641912459, 1641915388
          ],
          "cpu_time_ms": [
            20, 30, 30, 30, 30, 20, 10, 0, 60, 40, 20, 20, 40, 30, 10, 100, 30,
            50, 30, 90, 30, 40, 80, 40, 40, 30, 50, 60, 40, 40, 50, 60, 40, 40,
            70, 70, 20, 50, 30
          ],
          "exec_count_per_sec": 0.0991201409255997,
          "duration_per_exec_ms": 0,
          "scan_records_per_sec": 0,
          "scan_indexes_per_sec": 0
        }
      ]
    },
    {
      "sql_digest": "ea4709893ffb8edc8d58191ccbd93c4c4fdfc1d20ebbcc7f48707df328d6dbb2",
      "sql_text": "select `version` , `table_id` , `modify_count` , `count` from `mysql` . `stats_meta` where `version` \u003e ? order by `version`",
      "is_other": false,
      "cpu_time_ms": 20790,
      "exec_count_per_sec": 0.08658544771887101,
      "duration_per_exec_ms": 0,
      "scan_records_per_sec": 0,
      "scan_indexes_per_sec": 0,
      "plans": [
        {
          "plan_digest": "",
          "plan_text": "",
          "timestamp_sec": [
            1641804086, 1641807015, 1641809944, 1641812873, 1641815802,
            1641818731, 1641821660, 1641824589, 1641827518, 1641830447,
            1641833376, 1641836305, 1641839234, 1641842163, 1641845092,
            1641848021, 1641850950, 1641853879, 1641856808, 1641859737,
            1641862666, 1641865595, 1641868524, 1641871453, 1641874382,
            1641877311, 1641880240, 1641883169, 1641886098, 1641889027,
            1641891956, 1641894885, 1641897814, 1641900743, 1641903672,
            1641906601, 1641909530, 1641912459, 1641915388
          ],
          "cpu_time_ms": [
            180, 340, 440, 490, 410, 410, 400, 630, 480, 450, 390, 570, 500,
            490, 440, 500, 530, 530, 580, 390, 420, 440, 480, 490, 540, 550,
            520, 470, 480, 370, 430, 430, 430, 410, 380, 590, 360, 300, 370
          ],
          "exec_count_per_sec": 0,
          "duration_per_exec_ms": 0,
          "scan_records_per_sec": 0,
          "scan_indexes_per_sec": 0
        },
        {
          "plan_digest": "42d48b331dfe53300ddea68d4217dc467244bd898f80f10a913f2104d26d4989",
          "plan_text": "\tProjection        \troot\tmysql.stats_meta.count, mysql.stats_meta.modify_count, mysql.stats_meta.table_id, mysql.stats_meta.version\n\t└─IndexLookUp     \troot\t\n\t  ├─IndexRangeScan\tcop \ttable:stats_meta, index:idx_ver(version), range:[?,?], keep order:true\n\t  └─TableRowIDScan\tcop \ttable:stats_meta, keep order:false",
          "timestamp_sec": [
            1641804086, 1641807015, 1641809944, 1641812873, 1641815802,
            1641818731, 1641821660, 1641824589, 1641827518, 1641830447,
            1641833376, 1641836305, 1641839234, 1641842163, 1641845092,
            1641848021, 1641850950, 1641853879, 1641856808, 1641859737,
            1641862666, 1641865595, 1641868524, 1641871453, 1641874382,
            1641877311, 1641880240, 1641883169, 1641886098, 1641889027,
            1641891956, 1641894885, 1641897814, 1641900743, 1641903672,
            1641906601, 1641909530, 1641912459, 1641915388
          ],
          "cpu_time_ms": [
            40, 170, 80, 70, 80, 40, 110, 100, 70, 90, 50, 60, 50, 120, 50, 80,
            60, 80, 90, 110, 50, 50, 50, 60, 50, 90, 60, 100, 120, 100, 60, 160,
            120, 100, 70, 90, 30, 110, 110
          ],
          "exec_count_per_sec": 0.08658544771887101,
          "duration_per_exec_ms": 0,
          "scan_records_per_sec": 0,
          "scan_indexes_per_sec": 0
        }
      ]
    },
    {
      "sql_digest": "e2769f5619db3dc4916298c4c6b3bc2c36c6d64a84e2a5549284521482564ce0",
      "sql_text": "select high_priority ( `variable_value` ) from `mysql` . `tidb` where `variable_name` = ? for update",
      "is_other": false,
      "cpu_time_ms": 2030,
      "exec_count_per_sec": 0.01817588385212071,
      "duration_per_exec_ms": 0,
      "scan_records_per_sec": 0,
      "scan_indexes_per_sec": 0,
      "plans": [
        {
          "plan_digest": "",
          "plan_text": "",
          "timestamp_sec": [
            1641804086, 1641807015, 1641809944, 1641812873, 1641815802,
            1641818731, 1641821660, 1641824589, 1641827518, 1641830447,
            1641833376, 1641836305, 1641839234, 1641842163, 1641845092,
            1641848021, 1641850950, 1641853879, 1641856808, 1641859737,
            1641862666, 1641865595, 1641868524, 1641871453, 1641874382,
            1641877311, 1641880240, 1641883169, 1641886098, 1641889027,
            1641891956, 1641894885, 1641897814, 1641900743, 1641903672,
            1641906601, 1641909530, 1641912459, 1641915388
          ],
          "cpu_time_ms": [
            30, 60, 50, 40, 60, 50, 10, 20, 110, 50, 60, 50, 40, 90, 20, 30, 60,
            20, 50, 30, 50, 30, 100, 10, 60, 20, 10, 70, 10, 90, 30, 60, 50, 20,
            30, 80, 60, 40, 30
          ],
          "exec_count_per_sec": 0,
          "duration_per_exec_ms": 0,
          "scan_records_per_sec": 0,
          "scan_indexes_per_sec": 0
        },
        {
          "plan_digest": "892b61d58192589f43d81f3ee50710d71e6a8c286a59877069eaa00cd3bb8f5c",
          "plan_text": "\tProjection          \troot\tmysql.tidb.variable_value\n\t└─SelectLock        \troot\t\n\t  └─IndexLookUp     \troot\t\n\t    ├─IndexRangeScan\tcop \ttable:tidb, index:PRIMARY(VARIABLE_NAME), range:[?,?], keep order:false\n\t    └─TableRowIDScan\tcop \ttable:tidb, keep order:false",
          "timestamp_sec": [
            1641804086, 1641807015, 1641809944, 1641812873, 1641815802,
            1641818731, 1641821660, 1641824589, 1641827518, 1641830447,
            1641833376, 1641836305, 1641839234, 1641842163, 1641845092,
            1641848021, 1641850950, 1641853879, 1641856808, 1641859737,
            1641862666, 1641865595, 1641868524, 1641871453, 1641874382,
            1641877311, 1641880240, 1641883169, 1641886098, 1641889027,
            1641891956, 1641894885, 1641897814, 1641900743, 1641903672,
            1641906601, 1641909530, 1641912459, 1641915388
          ],
          "cpu_time_ms": [
            0, 0, 0, 0, 0, 10, 10, 0, 10, 20, 30, 0, 10, 10, 0, 0, 20, 10, 0, 0,
            10, 0, 10, 10, 0, 0, 20, 10, 0, 0, 10, 10, 0, 20, 0, 0, 0, 10, 10
          ],
          "exec_count_per_sec": 0.01817588385212071,
          "duration_per_exec_ms": 0,
          "scan_records_per_sec": 0,
          "scan_indexes_per_sec": 0
        }
      ]
    },
    {
      "sql_digest": "b95a604794f9eff17a1a6a37d754324be11ede348a0d1e53da2bc3c32d6a4142",
      "sql_text": "select `variable_name` , `variable_value` from `mysql` . `global_variables` where `variable_name` in ( ... )",
      "is_other": false,
      "cpu_time_ms": 2380,
      "exec_count_per_sec": 0.08658544771887101,
      "duration_per_exec_ms": 0,
      "scan_records_per_sec": 0,
      "scan_indexes_per_sec": 0,
      "plans": [
        {
          "plan_digest": "",
          "plan_text": "",
          "timestamp_sec": [1641845092, 1641850950, 1641874382],